<?xml version="1.0"?>
<TcEventSources Version="2">
	<Translations>
		<Text TxtId="EL8601-8411 12Ch. Multi-interface, 8x DI, 1x CNT, 4x DO, 2x PWM, 1x AI, 1x AO, 1x ENC AB">
			<Text LcId="1031">EL8601-8411 12K. Multi-Interface, 8x DI, 1x CNT, 4x DO, 2x PWM, 1x AI, 1x AO, 1x ENC AB</Text>
		</Text>
		<Text TxtId="PD-Watchdog / Watchdog timeout to field-side">
			<Text LcId="1031">PD-Watchdog / Watchdog der Feldseite hat zugeschlagen</Text>
		</Text>
		<Text TxtId="Power supply missing">
			<Text LcId="1031">Versorgungsspannung nicht vorhanden</Text>
		</Text>
		<Text TxtId="Slotgroup {0} ({1}): Analog range error">
			<Text LcId="1031">Slotgruppe {0} ({1}): Analoger Bereichsfehler</Text>
		</Text>
		<Text TxtId="Slotgroup {0} ({1}): Error module group">
			<Text LcId="1031">Slotgruppe {0} ({1}): Fehler Modulgruppe</Text>
		</Text>
	</Translations>
	<Source>
		<GUID>{28111931-0002-0000-5230-9921DB201000}</GUID>
		<Name>EL8601-8411 12Ch. Multi-interface, 8x DI, 1x CNT, 4x DO, 2x PWM, 1x AI, 1x AO, 1x ENC AB</Name>
		<Event>
			<Id>33029</Id>
			<Message>PD-Watchdog / Watchdog timeout to field-side</Message>
		</Event>
		<Event>
			<Id>33031</Id>
			<Message>Power supply missing</Message>
		</Event>
		<Event>
			<Id>33151</Id>
			<Message>Slotgroup {0} ({1}): Error module group</Message>
		</Event>
		<Event>
			<Id>34570</Id>
			<Message>Slotgroup {0} ({1}): Analog range error</Message>
		</Event>
		<Property>
			<Name>DisplayTxtId</Name>
			<Value>true</Value>
		</Property>
	</Source>
</TcEventSources>
