{"project":{"name":"Untitled1","file_version":"1.0.0.0","program_version":"3.1.4026.19"},"references":[{"name":"Tc2_Standard","company":"Beckhoff Automation GmbH","version":"3.4.5.0","display_name":"Tc2_Standard, 3.4.5.0 (Beckhoff Automation GmbH)"},{"name":"Tc2_System","company":"Beckhoff Automation GmbH","version":"3.9.1.0","display_name":"Tc2_System, 3.9.1.0 (Beckhoff Automation GmbH)"},{"name":"Tc3_Module","company":"Beckhoff Automation GmbH","version":"3.4.5.0","display_name":"Tc3_Module, 3.4.5.0 (Beckhoff Automation GmbH)"},{"name":"Tc3_GlobalTypes","company":"Beckhoff Automation GmbH","version":"1.0.0.0","display_name":"Tc3_GlobalTypes, 1.0.0.0 (Beckhoff Automation GmbH)"}]}